<?xml version="1.0" encoding="utf-8"?>
<ProgramItemsData xmlns:xsi="http://www.w3.org/2001/XMLSchema-instance" xmlns:xsd="http://www.w3.org/2001/XMLSchema">
  <ProgramItems>
    <ProgramItem>
      <ProgramName>Program1</ProgramName>
      <RoutingName>Lab_4_2</RoutingName>
      <SubRoutings />
    </ProgramItem>
    <ProgramItem>
      <ProgramName>Program1_New</ProgramName>
      <RoutingName>Prog1</RoutingName>
      <SubRoutings />
    </ProgramItem>
    <ProgramItem>
      <ProgramName>Lab_4_2_Copy_1</ProgramName>
      <RoutingName>Lab_4_4</RoutingName>
      <SubRoutings />
    </ProgramItem>
  </ProgramItems>
</ProgramItemsData>